{
  "apkFileName": "com.mania.Wingo_Colour_Prediction_ai-5_src.apk",
  "PackageInfo": {
    "forcedPackageId": "127",
    "renameManifestPackage": null
  },
  "doNotCompress": [
    "resources.arsc",
    "png",
    "mp3",
    "jpg"
  ],
  "compressionType": false,
  "sparseResources": false,
  "version": "2.4.0-250812",
  "sharedLibrary": false,
  "VersionInfo": {
    "versionName": "1.4",
    "versionCode": "5"
  },
  "UsesFramework": {
    "ids": [1],
    "tag": null
  },
  "unknownFiles": {
    "META-INF/recyclerview_release.kotlin_module": "8",
    "META-INF/maven/com.google.j2objc/j2objc-annotations/pom.properties": "8",
    "META-INF/lifecycle-process_release.kotlin_module": "8",
    "META-INF/androidx.localbroadcastmanager_localbroadcastmanager.version": "0",
    "META-INF/maven/com.google.guava/guava/pom.properties": "8",
    "META-INF/com.android.tools/r8/coroutines.pro": "8",
    "META-INF/androidx.lifecycle_lifecycle-viewmodel-savedstate.version": "0",
    "META-INF/androidx.transition_transition.version": "0",
    "META-INF/androidx.appcompat_appcompat.version": "0",
    "META-INF/androidx.swiperefreshlayout_swiperefreshlayout.version": "0",
    "META-INF/core_release.kotlin_module": "8",
    "META-INF/com.android.tools/proguard/coroutines.pro": "8",
    "META-INF/androidx.print_print.version": "0",
    "META-INF/maven/com.google.code.findbugs/jsr305/pom.properties": "8",
    "META-INF/lifecycle-viewmodel-savedstate_release.kotlin_module": "8",
    "META-INF/com/android/build/gradle/aar-metadata.properties": "8",
    "META-INF/androidx.lifecycle_lifecycle-process.version": "0",
    "META-INF/androidx.activity_activity.version": "0",
    "META-INF/annotation.kotlin_module": "8",
    "META-INF/androidx.customview_customview.version": "0",
    "META-INF/maven/com.google.j2objc/j2objc-annotations/pom.xml": "8",
    "META-INF/androidx.documentfile_documentfile.version": "0",
    "META-INF/androidx.loader_loader.version": "0",
    "META-INF/androidx.lifecycle_lifecycle-livedata.version": "0",
    "META-INF/core-ktx_release.kotlin_module": "8",
    "META-INF/com.android.tools/r8-from-1.6.0/coroutines.pro": "8",
    "META-INF/androidx.lifecycle_lifecycle-runtime.version": "0",
    "META-INF/androidx.core_core-ktx.version": "0",
    "META-INF/maven/com.google.guava/failureaccess/pom.properties": "8",
    "META-INF/androidx.viewpager_viewpager.version": "0",
    "META-INF/maven/com.google.guava/guava/pom.xml": "8",
    "META-INF/androidx.emoji2_emoji2-views-helper.version": "0",
    "META-INF/androidx.recyclerview_recyclerview.version": "0",
    "META-INF/maven/org.json/json/pom.properties": "8",
    "META-INF/activity_release.kotlin_module": "8",
    "META-INF/proguard/coroutines.pro": "8",
    "META-INF/androidx.tracing_tracing.version": "0",
    "META-INF/maven/com.google.guava/listenablefuture/pom.xml": "8",
    "META-INF/androidx.cardview_cardview.version": "0",
    "META-INF/androidx.browser_browser.version": "0",
    "META-INF/com/facebook/android/audience-network-sdk/verification.properties": "8",
    "META-INF/androidx.startup_startup-runtime.version": "0",
    "META-INF/appcompat_release.kotlin_module": "8",
    "META-INF/androidx.coordinatorlayout_coordinatorlayout.version": "0",
    "META-INF/androidx.legacy_legacy-support-core-ui.version": "0",
    "META-INF/viewpager2_release.kotlin_module": "8",
    "META-INF/com.google.android.material_material.version": "0",
    "META-INF/maven/org.json/json/pom.xml": "8",
    "META-INF/kotlinx_coroutines_core.version": "0",
    "META-INF/androidx.legacy_legacy-support-v4.version": "0",
    "META-INF/lifecycle-runtime_release.kotlin_module": "8",
    "META-INF/androidx.lifecycle_lifecycle-livedata-core.version": "0",
    "META-INF/androidx.profileinstaller_profileinstaller.version": "0",
    "META-INF/androidx.cursoradapter_cursoradapter.version": "0",
    "META-INF/androidx.media_media.version": "0",
    "META-INF/androidx.annotation_annotation-experimental.version": "0",
    "META-INF/androidx.drawerlayout_drawerlayout.version": "0",
    "META-INF/maven/com.google.errorprone/error_prone_annotations/pom.xml": "8",
    "META-INF/androidx.versionedparcelable_versionedparcelable.version": "0",
    "META-INF/kotlinx-coroutines-android.kotlin_module": "8",
    "META-INF/androidx.customview_customview-poolingcontainer.version": "0",
    "META-INF/androidx.savedstate_savedstate.version": "0",
    "META-INF/androidx.interpolator_interpolator.version": "0",
    "META-INF/androidx.fragment_fragment.version": "0",
    "META-INF/lifecycle-common.kotlin_module": "8",
    "META-INF/maven/com.google.guava/failureaccess/pom.xml": "8",
    "META-INF/kotlin-stdlib-jdk7.kotlin_module": "8",
    "META-INF/lifecycle-livedata_release.kotlin_module": "8",
    "META-INF/kotlinx-coroutines-core.kotlin_module": "8",
    "META-INF/androidx.lifecycle_lifecycle-livedata-core-ktx.version": "0",
    "META-INF/kotlinx_coroutines_android.version": "0",
    "META-INF/androidx.legacy_legacy-support-core-utils.version": "0",
    "META-INF/androidx.vectordrawable_vectordrawable.version": "0",
    "META-INF/maven/com.google.errorprone/error_prone_annotations/pom.properties": "8",
    "META-INF/lifecycle-viewmodel_release.kotlin_module": "8",
    "META-INF/savedstate_release.kotlin_module": "8",
    "META-INF/lifecycle-livedata-core-ktx_release.kotlin_module": "8",
    "META-INF/androidx.appcompat_appcompat-resources.version": "0",
    "META-INF/kotlin-stdlib-jdk8.kotlin_module": "8",
    "META-INF/lifecycle-livedata-core_release.kotlin_module": "8",
    "META-INF/annotation-experimental_release.kotlin_module": "8",
    "META-INF/androidx.asynclayoutinflater_asynclayoutinflater.version": "0",
    "META-INF/customview-poolingcontainer_release.kotlin_module": "8",
    "META-INF/androidx.lifecycle_lifecycle-viewmodel.version": "0",
    "META-INF/maven/com.google.code.findbugs/jsr305/pom.xml": "8",
    "META-INF/androidx.core_core.version": "0",
    "META-INF/proguard/androidx-annotations.pro": "8",
    "META-INF/androidx.arch.core_core-runtime.version": "8",
    "META-INF/androidx.emoji2_emoji2.version": "0",
    "META-INF/androidx.slidingpanelayout_slidingpanelayout.version": "0",
    "META-INF/androidx.vectordrawable_vectordrawable-animated.version": "0",
    "META-INF/kotlin-stdlib.kotlin_module": "8",
    "META-INF/com.android.tools/r8-upto-3.0.0/coroutines.pro": "8",
    "META-INF/com/applovin/mediation/facebook-adapter/verification.properties": "8",
    "META-INF/maven/com.google.guava/listenablefuture/pom.properties": "8",
    "META-INF/androidx.dynamicanimation_dynamicanimation.version": "0",
    "META-INF/androidx.viewpager2_viewpager2.version": "0"
  },
  "apkFilePath": "/storage/emulated/0/source code/com.mania.Wingo_Colour_Prediction_ai-5.apk",
  "compactEntries": false,
  "isFrameworkApk": false,
  "sdkInfo": {
    "minSdkVersion": "24",
    "targetSdkVersion": "34"
  }
}